label,index,dataset,pattern,init_keys,ops,inserts,insert_frac,lookup,seed,bulk_load_s,throughput_mops,p50_ns,p99_ns,p999_ns,max_ns,index_bytes,data_bytes,cycles_per_op,instr_per_op,llc_miss_per_op,branch_miss_per_op,l1d_miss_per_op,fallbacks,errors,peak_rss_mb,counters
alex,alex,synthetic:lognormal,dataset,1000000,10000000,0,0,zipf,1,0.307143,23.6416,42,2291,23250,1310333,2737680,23017496,,,,,,0,0,,model_nodes=5;data_nodes=6624;max_depth=3;avg_depth_x1000=1244;exp_search_iters_x1000=866
btree,btree,synthetic:lognormal,dataset,1000000,10000000,0,0,zipf,1,0.006524,11.7779,83,417,2084,202292,1062976,17500000,,,,,,0,0,,leaves=62500;inner_nodes=3908
stdmap,stdmap,synthetic:lognormal,dataset,1000000,10000000,0,0,zipf,1,0.0400388,7.41697,84,1125,4500,132625,32000000,16000000,,,,,,0,0,,
rmi_1024,rmi,synthetic:lognormal,dataset,1000000,10000000,0,0,zipf,1,0.00695367,13.1854,83,917,3583,106167,24592,16000000,,,,,,0,0,,models=1024;avg_log2_window_x1000=12651
rmi_4096,rmi,synthetic:lognormal,dataset,1000000,10000000,0,0,zipf,1,0.00791754,10.9313,83,1417,7667,13113417,98320,16000000,,,,,,0,0,,models=4096;avg_log2_window_x1000=9934
rmi_16384,rmi,synthetic:lognormal,dataset,1000000,10000000,0,0,zipf,1,0.00650554,17.9797,42,333,2000,31583,393232,16000000,,,,,,0,0,,models=16384;avg_log2_window_x1000=7507
rmi_65536,rmi,synthetic:lognormal,dataset,1000000,10000000,0,0,zipf,1,0.00726592,15.1985,42,2042,19208,1316542,1572880,16000000,,,,,,0,0,,models=65536;avg_log2_window_x1000=5711
rmi_262144,rmi,synthetic:lognormal,dataset,1000000,10000000,0,0,zipf,1,0.00742342,22.8322,42,1166,5792,1282291,6291472,16000000,,,,,,0,0,,models=262144;avg_log2_window_x1000=4580
alex,alex,synthetic:lognormal,dataset,1000000,10000000,0,0,zipf,2,0.319568,24.1,42,2250,7375,1548666,2544896,23024656,,,,,,0,0,,model_nodes=4;data_nodes=4712;max_depth=2;avg_depth_x1000=1214;exp_search_iters_x1000=875
btree,btree,synthetic:lognormal,dataset,1000000,10000000,0,0,zipf,2,0.00750025,12.5571,83,375,1375,48084,1062976,17500000,,,,,,0,0,,leaves=62500;inner_nodes=3908
stdmap,stdmap,synthetic:lognormal,dataset,1000000,10000000,0,0,zipf,2,0.0357316,7.04337,84,2000,7541,5257292,32000000,16000000,,,,,,0,0,,
rmi_1024,rmi,synthetic:lognormal,dataset,1000000,10000000,0,0,zipf,2,0.00624087,12.9906,83,292,1750,23500,24592,16000000,,,,,,0,0,,models=1024;avg_log2_window_x1000=12570
rmi_4096,rmi,synthetic:lognormal,dataset,1000000,10000000,0,0,zipf,2,0.00719713,15.4931,83,958,4083,23958,98320,16000000,,,,,,0,0,,models=4096;avg_log2_window_x1000=9578
rmi_16384,rmi,synthetic:lognormal,dataset,1000000,10000000,0,0,zipf,2,0.00825046,17.0836,42,1042,4500,1267667,393232,16000000,,,,,,0,0,,models=16384;avg_log2_window_x1000=7193
rmi_65536,rmi,synthetic:lognormal,dataset,1000000,10000000,0,0,zipf,2,0.00833425,20.2027,42,2166,14458,665625,1572880,16000000,,,,,,0,0,,models=65536;avg_log2_window_x1000=5553
rmi_262144,rmi,synthetic:lognormal,dataset,1000000,10000000,0,0,zipf,2,0.00927696,22.8762,42,958,2458,211833,6291472,16000000,,,,,,0,0,,models=262144;avg_log2_window_x1000=4462
alex,alex,synthetic:lognormal,dataset,1000000,10000000,0,0,zipf,3,0.321887,21.9356,42,2333,8209,3907166,2786152,23014840,,,,,,0,0,,model_nodes=8;data_nodes=7077;max_depth=3;avg_depth_x1000=1367;exp_search_iters_x1000=850
btree,btree,synthetic:lognormal,dataset,1000000,10000000,0,0,zipf,3,0.00827967,12.3848,83,875,1708,42959,1062976,17500000,,,,,,0,0,,leaves=62500;inner_nodes=3908
stdmap,stdmap,synthetic:lognormal,dataset,1000000,10000000,0,0,zipf,3,0.0358497,7.28622,84,1208,5083,3564583,32000000,16000000,,,,,,0,0,,
rmi_1024,rmi,synthetic:lognormal,dataset,1000000,10000000,0,0,zipf,3,0.00656379,11.6082,83,1000,3958,105875,24592,16000000,,,,,,0,0,,models=1024;avg_log2_window_x1000=12881
rmi_4096,rmi,synthetic:lognormal,dataset,1000000,10000000,0,0,zipf,3,0.00746683,13.8192,83,1000,3792,41125,98320,16000000,,,,,,0,0,,models=4096;avg_log2_window_x1000=10406
rmi_16384,rmi,synthetic:lognormal,dataset,1000000,10000000,0,0,zipf,3,0.00857813,16.5722,83,1083,5417,3714833,393232,16000000,,,,,,0,0,,models=16384;avg_log2_window_x1000=7632
rmi_65536,rmi,synthetic:lognormal,dataset,1000000,10000000,0,0,zipf,3,0.00701233,22.3042,42,459,3708,130959,1572880,16000000,,,,,,0,0,,models=65536;avg_log2_window_x1000=5830
rmi_262144,rmi,synthetic:lognormal,dataset,1000000,10000000,0,0,zipf,3,0.0100848,19.8679,42,1625,6583,2794583,6291472,16000000,,,,,,0,0,,models=262144;avg_log2_window_x1000=4670
alex,alex,synthetic:lognormal,dataset,10000000,10000000,0,0,zipf,1,2.60402,14.8146,42,2625,7750,5863458,8491560,230354072,,,,,,0,0,,model_nodes=9;data_nodes=1145;max_depth=3;avg_depth_x1000=1335;exp_search_iters_x1000=893
btree,btree,synthetic:lognormal,dataset,10000000,10000000,0,0,zipf,1,0.168425,4.5255,125,3292,29083,5658167,10625680,175000000,,,,,,0,0,,leaves=625000;inner_nodes=39065
stdmap,stdmap,synthetic:lognormal,dataset,10000000,10000000,0,0,zipf,1,0.568894,2.90787,167,3709,9667,6255459,320000000,160000000,,,,,,0,0,,
rmi_1024,rmi,synthetic:lognormal,dataset,10000000,10000000,0,0,zipf,1,0.121704,2.10329,292,3584,8375,3894208,24592,160000000,,,,,,0,0,,models=1024;avg_log2_window_x1000=16437
rmi_4096,rmi,synthetic:lognormal,dataset,10000000,10000000,0,0,zipf,1,0.104429,3.04366,167,1709,5000,7372125,98320,160000000,,,,,,0,0,,models=4096;avg_log2_window_x1000=13153
rmi_16384,rmi,synthetic:lognormal,dataset,10000000,10000000,0,0,zipf,1,0.129069,4.43835,84,2833,6875,2958750,393232,160000000,,,,,,0,0,,models=16384;avg_log2_window_x1000=10099
rmi_65536,rmi,synthetic:lognormal,dataset,10000000,10000000,0,0,zipf,1,0.122295,7.11955,83,2583,7292,2404541,1572880,160000000,,,,,,0,0,,models=65536;avg_log2_window_x1000=7811
rmi_262144,rmi,synthetic:lognormal,dataset,10000000,10000000,0,0,zipf,1,0.147541,9.92136,42,2459,7458,2144541,6291472,160000000,,,,,,0,0,,models=262144;avg_log2_window_x1000=6333
rmi_1048576,rmi,synthetic:lognormal,dataset,10000000,10000000,0,0,zipf,1,0.089489,11.0229,42,2500,8166,4785042,25165840,160000000,,,,,,0,0,,models=1048576;avg_log2_window_x1000=5289
alex,alex,synthetic:lognormal,dataset,10000000,10000000,0,0,zipf,2,2.66469,16.7287,42,2542,13792,3270083,4312736,230352936,,,,,,0,0,,model_nodes=8;data_nodes=1316;max_depth=2;avg_depth_x1000=1293;exp_search_iters_x1000=887
btree,btree,synthetic:lognormal,dataset,10000000,10000000,0,0,zipf,2,0.228426,6.11397,125,2833,8542,4659125,10625680,175000000,,,,,,0,0,,leaves=625000;inner_nodes=39065
stdmap,stdmap,synthetic:lognormal,dataset,10000000,10000000,0,0,zipf,2,0.632546,2.85812,167,3917,10625,5846959,320000000,160000000,,,,,,0,0,,
rmi_1024,rmi,synthetic:lognormal,dataset,10000000,10000000,0,0,zipf,2,0.112411,2.14204,292,3667,8584,2114209,24592,160000000,,,,,,0,0,,models=1024;avg_log2_window_x1000=16338
rmi_4096,rmi,synthetic:lognormal,dataset,10000000,10000000,0,0,zipf,2,0.119672,2.84463,167,3333,8625,3865916,98320,160000000,,,,,,0,0,,models=4096;avg_log2_window_x1000=12895
rmi_16384,rmi,synthetic:lognormal,dataset,10000000,10000000,0,0,zipf,2,0.109925,4.80923,84,2875,8125,3991000,393232,160000000,,,,,,0,0,,models=16384;avg_log2_window_x1000=9795
rmi_65536,rmi,synthetic:lognormal,dataset,10000000,10000000,0,0,zipf,2,0.116972,7.36325,83,2750,7959,4706000,1572880,160000000,,,,,,0,0,,models=65536;avg_log2_window_x1000=7609
rmi_262144,rmi,synthetic:lognormal,dataset,10000000,10000000,0,0,zipf,2,0.131883,9.37066,42,2625,7958,4009542,6291472,160000000,,,,,,0,0,,models=262144;avg_log2_window_x1000=6226
rmi_1048576,rmi,synthetic:lognormal,dataset,10000000,10000000,0,0,zipf,2,0.160923,11.3799,42,2542,10417,4230291,25165840,160000000,,,,,,0,0,,models=1048576;avg_log2_window_x1000=5187
alex,alex,synthetic:lognormal,dataset,10000000,10000000,0,0,zipf,3,2.72775,14.7343,42,2584,8875,3828958,4304576,230353672,,,,,,0,0,,model_nodes=11;data_nodes=1222;max_depth=3;avg_depth_x1000=1389;exp_search_iters_x1000=881
btree,btree,synthetic:lognormal,dataset,10000000,10000000,0,0,zipf,3,0.187949,5.78247,125,2875,12334,8484791,10625680,175000000,,,,,,0,0,,leaves=625000;inner_nodes=39065
stdmap,stdmap,synthetic:lognormal,dataset,10000000,10000000,0,0,zipf,3,0.55195,2.97091,167,3625,11125,3491958,320000000,160000000,,,,,,0,0,,
rmi_1024,rmi,synthetic:lognormal,dataset,10000000,10000000,0,0,zipf,3,0.0650624,2.10309,292,3750,12625,3562250,24592,160000000,,,,,,0,0,,models=1024;avg_log2_window_x1000=16197
rmi_4096,rmi,synthetic:lognormal,dataset,10000000,10000000,0,0,zipf,3,0.139372,3.0682,167,3167,7750,2960625,98320,160000000,,,,,,0,0,,models=4096;avg_log2_window_x1000=12624
rmi_16384,rmi,synthetic:lognormal,dataset,10000000,10000000,0,0,zipf,3,0.118149,4.31621,125,2916,8334,9178917,393232,160000000,,,,,,0,0,,models=16384;avg_log2_window_x1000=9850
rmi_65536,rmi,synthetic:lognormal,dataset,10000000,10000000,0,0,zipf,3,0.150911,7.13712,83,2917,14250,2309292,1572880,160000000,,,,,,0,0,,models=65536;avg_log2_window_x1000=7634
rmi_262144,rmi,synthetic:lognormal,dataset,10000000,10000000,0,0,zipf,3,0.120084,8.35853,42,2875,22083,4861542,6291472,160000000,,,,,,0,0,,models=262144;avg_log2_window_x1000=6231
rmi_1048576,rmi,synthetic:lognormal,dataset,10000000,10000000,0,0,zipf,3,0.299503,7.27009,42,3208,23584,8246500,25165840,160000000,,,,,,0,0,,models=1048576;avg_log2_window_x1000=5186
alex,alex,synthetic:uniform,dataset,1000000,10000000,0,0,zipf,1,0.0752059,32.5523,42,250,917,17167,240,23035712,,,,,,0,0,,model_nodes=1;data_nodes=2;max_depth=1;avg_depth_x1000=1000;exp_search_iters_x1000=849
btree,btree,synthetic:uniform,dataset,1000000,10000000,0,0,zipf,1,0.00891387,12.4535,83,1084,4708,2475167,1062976,17500000,,,,,,0,0,,leaves=62500;inner_nodes=3908
stdmap,stdmap,synthetic:uniform,dataset,1000000,10000000,0,0,zipf,1,0.0360005,7.42167,84,1625,7833,2382583,32000000,16000000,,,,,,0,0,,
rmi_1024,rmi,synthetic:uniform,dataset,1000000,10000000,0,0,zipf,1,0.00628912,31.3174,42,250,1292,22000,24592,16000000,,,,,,0,0,,models=1024;avg_log2_window_x1000=5170
rmi_4096,rmi,synthetic:uniform,dataset,1000000,10000000,0,0,zipf,1,0.00688279,36.8674,42,958,1209,13833,98320,16000000,,,,,,0,0,,models=4096;avg_log2_window_x1000=4161
rmi_16384,rmi,synthetic:uniform,dataset,1000000,10000000,0,0,zipf,1,0.00852987,33.1073,42,959,1458,71875,393232,16000000,,,,,,0,0,,models=16384;avg_log2_window_x1000=3128
rmi_65536,rmi,synthetic:uniform,dataset,1000000,10000000,0,0,zipf,1,0.00870083,28.021,42,1792,5625,767875,1572880,16000000,,,,,,0,0,,models=65536;avg_log2_window_x1000=2050
rmi_262144,rmi,synthetic:uniform,dataset,1000000,10000000,0,0,zipf,1,0.00919833,39.448,41,792,1209,9500,6291472,16000000,,,,,,0,0,,models=262144;avg_log2_window_x1000=1024
alex,alex,synthetic:uniform,dataset,1000000,10000000,0,0,zipf,2,0.0969964,32.8514,42,1000,1583,9708,240,23035696,,,,,,0,0,,model_nodes=1;data_nodes=2;max_depth=1;avg_depth_x1000=1000;exp_search_iters_x1000=844
btree,btree,synthetic:uniform,dataset,1000000,10000000,0,0,zipf,2,0.00974138,13.1385,83,1042,1375,20584,1062976,17500000,,,,,,0,0,,leaves=62500;inner_nodes=3908
stdmap,stdmap,synthetic:uniform,dataset,1000000,10000000,0,0,zipf,2,0.036092,6.77173,84,2292,6334,3329250,32000000,16000000,,,,,,0,0,,
rmi_1024,rmi,synthetic:uniform,dataset,1000000,10000000,0,0,zipf,2,0.00646804,33.9038,42,292,1416,30125,24592,16000000,,,,,,0,0,,models=1024;avg_log2_window_x1000=5168
rmi_4096,rmi,synthetic:uniform,dataset,1000000,10000000,0,0,zipf,2,0.00684121,38.8349,42,875,1250,31833,98320,16000000,,,,,,0,0,,models=4096;avg_log2_window_x1000=4154
rmi_16384,rmi,synthetic:uniform,dataset,1000000,10000000,0,0,zipf,2,0.00765,39.6892,42,916,1417,31625,393232,16000000,,,,,,0,0,,models=16384;avg_log2_window_x1000=3125
rmi_65536,rmi,synthetic:uniform,dataset,1000000,10000000,0,0,zipf,2,0.0089145,27.4792,42,1042,4416,591667,1572880,16000000,,,,,,0,0,,models=65536;avg_log2_window_x1000=2051
rmi_262144,rmi,synthetic:uniform,dataset,1000000,10000000,0,0,zipf,2,0.0109561,25.2934,41,1125,6500,5030167,6291472,16000000,,,,,,0,0,,models=262144;avg_log2_window_x1000=1025
alex,alex,synthetic:uniform,dataset,1000000,10000000,0,0,zipf,3,0.0909373,22.3877,42,1042,6458,2777334,240,23035720,,,,,,0,0,,model_nodes=1;data_nodes=2;max_depth=1;avg_depth_x1000=1000;exp_search_iters_x1000=848
btree,btree,synthetic:uniform,dataset,1000000,10000000,0,0,zipf,3,0.00848929,11.6237,83,1000,4958,6090583,1062976,17500000,,,,,,0,0,,leaves=62500;inner_nodes=3908
stdmap,stdmap,synthetic:uniform,dataset,1000000,10000000,0,0,zipf,3,0.0455746,6.88075,84,2583,9167,2886833,32000000,16000000,,,,,,0,0,,
rmi_1024,rmi,synthetic:uniform,dataset,1000000,10000000,0,0,zipf,3,0.00743408,23.5703,42,1125,8333,2754041,24592,16000000,,,,,,0,0,,models=1024;avg_log2_window_x1000=5166
rmi_4096,rmi,synthetic:uniform,dataset,1000000,10000000,0,0,zipf,3,0.00782492,30.0852,42,917,4041,48333,98320,16000000,,,,,,0,0,,models=4096;avg_log2_window_x1000=4152
rmi_16384,rmi,synthetic:uniform,dataset,1000000,10000000,0,0,zipf,3,0.00689879,25.5204,42,875,7208,10617167,393232,16000000,,,,,,0,0,,models=16384;avg_log2_window_x1000=3126
rmi_65536,rmi,synthetic:uniform,dataset,1000000,10000000,0,0,zipf,3,0.0110358,26.888,42,959,4250,605541,1572880,16000000,,,,,,0,0,,models=65536;avg_log2_window_x1000=2052
rmi_262144,rmi,synthetic:uniform,dataset,1000000,10000000,0,0,zipf,3,0.00916275,34.3723,41,917,3833,416375,6291472,16000000,,,,,,0,0,,models=262144;avg_log2_window_x1000=1026
alex,alex,synthetic:uniform,dataset,10000000,10000000,0,0,zipf,1,0.592535,18.7054,42,2750,8833,3911458,1584,230357120,,,,,,0,0,,model_nodes=1;data_nodes=16;max_depth=1;avg_depth_x1000=1000;exp_search_iters_x1000=849
btree,btree,synthetic:uniform,dataset,10000000,10000000,0,0,zipf,1,0.106077,6.26178,125,3083,8375,3270750,10625680,175000000,,,,,,0,0,,leaves=625000;inner_nodes=39065
stdmap,stdmap,synthetic:uniform,dataset,10000000,10000000,0,0,zipf,1,0.621669,2.73295,208,4084,17917,7449125,320000000,160000000,,,,,,0,0,,
rmi_1024,rmi,synthetic:uniform,dataset,10000000,10000000,0,0,zipf,1,0.0822187,10.2904,42,2667,6583,2653083,24592,160000000,,,,,,0,0,,models=1024;avg_log2_window_x1000=6839
rmi_4096,rmi,synthetic:uniform,dataset,10000000,10000000,0,0,zipf,1,0.113591,12.5972,42,2708,6458,3966833,98320,160000000,,,,,,0,0,,models=4096;avg_log2_window_x1000=5844
rmi_16384,rmi,synthetic:uniform,dataset,10000000,10000000,0,0,zipf,1,0.117534,13.9965,42,2709,7500,1067292,393232,160000000,,,,,,0,0,,models=16384;avg_log2_window_x1000=4827
rmi_65536,rmi,synthetic:uniform,dataset,10000000,10000000,0,0,zipf,1,0.133155,17.1315,42,2458,6042,1056375,1572880,160000000,,,,,,0,0,,models=65536;avg_log2_window_x1000=3810
rmi_262144,rmi,synthetic:uniform,dataset,10000000,10000000,0,0,zipf,1,0.123045,15.9314,42,2125,5750,834625,6291472,160000000,,,,,,0,0,,models=262144;avg_log2_window_x1000=2766
rmi_1048576,rmi,synthetic:uniform,dataset,10000000,10000000,0,0,zipf,1,0.142982,14.8341,42,2750,9584,1379792,25165840,160000000,,,,,,0,0,,models=1048576;avg_log2_window_x1000=1645
alex,alex,synthetic:uniform,dataset,10000000,10000000,0,0,zipf,2,1.16021,17.7254,42,2792,23083,5445584,1584,230357080,,,,,,0,0,,model_nodes=1;data_nodes=16;max_depth=1;avg_depth_x1000=1000;exp_search_iters_x1000=850
btree,btree,synthetic:uniform,dataset,10000000,10000000,0,0,zipf,2,0.153883,6.31463,125,3041,8041,6075584,10625680,175000000,,,,,,0,0,,leaves=625000;inner_nodes=39065
stdmap,stdmap,synthetic:uniform,dataset,10000000,10000000,0,0,zipf,2,0.578568,3.00135,167,3791,8458,4593125,320000000,160000000,,,,,,0,0,,
rmi_1024,rmi,synthetic:uniform,dataset,10000000,10000000,0,0,zipf,2,0.06393,10.5131,42,1208,5000,1949041,24592,160000000,,,,,,0,0,,models=1024;avg_log2_window_x1000=6846
rmi_4096,rmi,synthetic:uniform,dataset,10000000,10000000,0,0,zipf,2,0.126423,12.8366,42,2334,6958,1752625,98320,160000000,,,,,,0,0,,models=4096;avg_log2_window_x1000=5834
rmi_16384,rmi,synthetic:uniform,dataset,10000000,10000000,0,0,zipf,2,0.102725,14.5577,42,2541,7000,1947667,393232,160000000,,,,,,0,0,,models=16384;avg_log2_window_x1000=4830
rmi_65536,rmi,synthetic:uniform,dataset,10000000,10000000,0,0,zipf,2,0.0993703,16.0541,42,2583,7916,2705500,1572880,160000000,,,,,,0,0,,models=65536;avg_log2_window_x1000=3810
rmi_262144,rmi,synthetic:uniform,dataset,10000000,10000000,0,0,zipf,2,0.116193,15.3172,42,2625,6708,2818333,6291472,160000000,,,,,,0,0,,models=262144;avg_log2_window_x1000=2765
rmi_1048576,rmi,synthetic:uniform,dataset,10000000,10000000,0,0,zipf,2,0.133603,14.6131,42,2792,7125,2524041,25165840,160000000,,,,,,0,0,,models=1048576;avg_log2_window_x1000=1645
alex,alex,synthetic:uniform,dataset,10000000,10000000,0,0,zipf,3,0.590875,18.1432,42,2709,9125,7248750,1584,230357104,,,,,,0,0,,model_nodes=1;data_nodes=16;max_depth=1;avg_depth_x1000=1000;exp_search_iters_x1000=849
btree,btree,synthetic:uniform,dataset,10000000,10000000,0,0,zipf,3,0.20256,6.35159,125,2959,8125,2615625,10625680,175000000,,,,,,0,0,,leaves=625000;inner_nodes=39065
stdmap,stdmap,synthetic:uniform,dataset,10000000,10000000,0,0,zipf,3,0.470489,2.8089,167,4042,14500,7056833,320000000,160000000,,,,,,0,0,,
rmi_1024,rmi,synthetic:uniform,dataset,10000000,10000000,0,0,zipf,3,0.0749971,10.1849,42,2583,6375,6318167,24592,160000000,,,,,,0,0,,models=1024;avg_log2_window_x1000=6831
rmi_4096,rmi,synthetic:uniform,dataset,10000000,10000000,0,0,zipf,3,0.0762006,12.8016,42,2542,6625,3894583,98320,160000000,,,,,,0,0,,models=4096;avg_log2_window_x1000=5840
rmi_16384,rmi,synthetic:uniform,dataset,10000000,10000000,0,0,zipf,3,0.0765049,14.3975,42,2625,7042,1211667,393232,160000000,,,,,,0,0,,models=16384;avg_log2_window_x1000=4836
rmi_65536,rmi,synthetic:uniform,dataset,10000000,10000000,0,0,zipf,3,0.114798,15.8432,42,2500,6500,1998875,1572880,160000000,,,,,,0,0,,models=65536;avg_log2_window_x1000=3810
rmi_262144,rmi,synthetic:uniform,dataset,10000000,10000000,0,0,zipf,3,0.0878373,15.2269,42,2541,6375,1842958,6291472,160000000,,,,,,0,0,,models=262144;avg_log2_window_x1000=2767
rmi_1048576,rmi,synthetic:uniform,dataset,10000000,10000000,0,0,zipf,3,0.124134,15.3756,42,2583,6542,1661209,25165840,160000000,,,,,,0,0,,models=1048576;avg_log2_window_x1000=1645
alex,alex,synthetic:normal,dataset,1000000,10000000,0,0,zipf,1,0.137114,30.7051,42,250,1083,46833,19696,23034992,,,,,,0,0,,model_nodes=1;data_nodes=200;max_depth=1;avg_depth_x1000=1000;exp_search_iters_x1000=865
btree,btree,synthetic:normal,dataset,1000000,10000000,0,0,zipf,1,0.00703275,12.6972,83,375,3667,50833,1062976,17500000,,,,,,0,0,,leaves=62500;inner_nodes=3908
stdmap,stdmap,synthetic:normal,dataset,1000000,10000000,0,0,zipf,1,0.0370704,7.63159,84,1084,4583,36292,32000000,16000000,,,,,,0,0,,
rmi_1024,rmi,synthetic:normal,dataset,1000000,10000000,0,0,zipf,1,0.00657533,23.6573,42,1000,5292,2742750,24592,16000000,,,,,,0,0,,models=1024;avg_log2_window_x1000=5832
rmi_4096,rmi,synthetic:normal,dataset,1000000,10000000,0,0,zipf,1,0.00986558,29.9978,42,250,1333,22208,98320,16000000,,,,,,0,0,,models=4096;avg_log2_window_x1000=4883
rmi_16384,rmi,synthetic:normal,dataset,1000000,10000000,0,0,zipf,1,0.00752725,29.2732,42,834,4083,30667,393232,16000000,,,,,,0,0,,models=16384;avg_log2_window_x1000=3928
rmi_65536,rmi,synthetic:normal,dataset,1000000,10000000,0,0,zipf,1,0.0086335,31.647,42,916,3959,28375,1572880,16000000,,,,,,0,0,,models=65536;avg_log2_window_x1000=2934
rmi_262144,rmi,synthetic:normal,dataset,1000000,10000000,0,0,zipf,1,0.00967804,34.4852,41,834,3958,21292,6291472,16000000,,,,,,0,0,,models=262144;avg_log2_window_x1000=1999
alex,alex,synthetic:normal,dataset,1000000,10000000,0,0,zipf,2,0.134093,31.0279,42,875,3958,22875,20840,23035136,,,,,,0,0,,model_nodes=1;data_nodes=213;max_depth=1;avg_depth_x1000=1000;exp_search_iters_x1000=867
btree,btree,synthetic:normal,dataset,1000000,10000000,0,0,zipf,2,0.00777762,12.7897,83,958,4083,26667,1062976,17500000,,,,,,0,0,,leaves=62500;inner_nodes=3908
stdmap,stdmap,synthetic:normal,dataset,1000000,10000000,0,0,zipf,2,0.0386555,7.15125,84,1125,4625,48125,32000000,16000000,,,,,,0,0,,
rmi_1024,rmi,synthetic:normal,dataset,1000000,10000000,0,0,zipf,2,0.00677604,26.2237,42,292,4042,26875,24592,16000000,,,,,,0,0,,models=1024;avg_log2_window_x1000=5833
rmi_4096,rmi,synthetic:normal,dataset,1000000,10000000,0,0,zipf,2,0.00671892,28.5542,42,916,3167,28833,98320,16000000,,,,,,0,0,,models=4096;avg_log2_window_x1000=4886
rmi_16384,rmi,synthetic:normal,dataset,1000000,10000000,0,0,zipf,2,0.00727683,31.0592,42,916,3958,30917,393232,16000000,,,,,,0,0,,models=16384;avg_log2_window_x1000=3935
rmi_65536,rmi,synthetic:normal,dataset,1000000,10000000,0,0,zipf,2,0.00855304,34.0421,42,875,3916,15083,1572880,16000000,,,,,,0,0,,models=65536;avg_log2_window_x1000=2937
rmi_262144,rmi,synthetic:normal,dataset,1000000,10000000,0,0,zipf,2,0.0111561,29.2547,41,959,3792,56875,6291472,16000000,,,,,,0,0,,models=262144;avg_log2_window_x1000=2005
alex,alex,synthetic:normal,dataset,1000000,10000000,0,0,zipf,3,0.180966,31.209,42,833,3916,48500,66320,23033864,,,,,,0,0,,model_nodes=1;data_nodes=660;max_depth=1;avg_depth_x1000=1000;exp_search_iters_x1000=855
btree,btree,synthetic:normal,dataset,1000000,10000000,0,0,zipf,3,0.00691567,12.67,83,875,3958,323625,1062976,17500000,,,,,,0,0,,leaves=62500;inner_nodes=3908
stdmap,stdmap,synthetic:normal,dataset,1000000,10000000,0,0,zipf,3,0.0350054,7.33402,84,1167,4208,1425375,32000000,16000000,,,,,,0,0,,
rmi_1024,rmi,synthetic:normal,dataset,1000000,10000000,0,0,zipf,3,0.00647017,29.7965,42,750,1209,44458,24592,16000000,,,,,,0,0,,models=1024;avg_log2_window_x1000=5803
rmi_4096,rmi,synthetic:normal,dataset,1000000,10000000,0,0,zipf,3,0.00676179,27.8122,42,375,3500,290667,98320,16000000,,,,,,0,0,,models=4096;avg_log2_window_x1000=4883
rmi_16384,rmi,synthetic:normal,dataset,1000000,10000000,0,0,zipf,3,0.00911337,30.1955,42,958,3958,62875,393232,16000000,,,,,,0,0,,models=16384;avg_log2_window_x1000=3932
rmi_65536,rmi,synthetic:normal,dataset,1000000,10000000,0,0,zipf,3,0.00872983,24.7009,42,959,3750,83750,1572880,16000000,,,,,,0,0,,models=65536;avg_log2_window_x1000=2938
rmi_262144,rmi,synthetic:normal,dataset,1000000,10000000,0,0,zipf,3,0.0104241,30.4045,41,916,3958,40084,6291472,16000000,,,,,,0,0,,models=262144;avg_log2_window_x1000=2007
alex,alex,synthetic:normal,dataset,10000000,10000000,0,0,zipf,1,1.47956,19.9795,42,2458,6083,2584166,36792,230356256,,,,,,0,0,,model_nodes=1;data_nodes=371;max_depth=1;avg_depth_x1000=1000;exp_search_iters_x1000=861
btree,btree,synthetic:normal,dataset,10000000,10000000,0,0,zipf,1,0.157321,5.82198,125,3084,8250,6269541,10625680,175000000,,,,,,0,0,,leaves=625000;inner_nodes=39065
stdmap,stdmap,synthetic:normal,dataset,10000000,10000000,0,0,zipf,1,0.498152,2.85587,167,3917,13875,9893500,320000000,160000000,,,,,,0,0,,
rmi_1024,rmi,synthetic:normal,dataset,10000000,10000000,0,0,zipf,1,0.0701694,8.82205,42,1917,6208,3422833,24592,160000000,,,,,,0,0,,models=1024;avg_log2_window_x1000=7615
rmi_4096,rmi,synthetic:normal,dataset,10000000,10000000,0,0,zipf,1,0.107733,10.4104,42,2708,6709,2716709,98320,160000000,,,,,,0,0,,models=4096;avg_log2_window_x1000=6693
rmi_16384,rmi,synthetic:normal,dataset,10000000,10000000,0,0,zipf,1,0.105551,10.9755,42,2792,8584,4047750,393232,160000000,,,,,,0,0,,models=16384;avg_log2_window_x1000=5756
rmi_65536,rmi,synthetic:normal,dataset,10000000,10000000,0,0,zipf,1,0.100438,11.9867,42,2750,7000,1762125,1572880,160000000,,,,,,0,0,,models=65536;avg_log2_window_x1000=4813
rmi_262144,rmi,synthetic:normal,dataset,10000000,10000000,0,0,zipf,1,0.119811,11.7081,42,2791,7250,3114584,6291472,160000000,,,,,,0,0,,models=262144;avg_log2_window_x1000=3851
rmi_1048576,rmi,synthetic:normal,dataset,10000000,10000000,0,0,zipf,1,0.148087,12.4536,42,2750,7292,3509542,25165840,160000000,,,,,,0,0,,models=1048576;avg_log2_window_x1000=2837
alex,alex,synthetic:normal,dataset,10000000,10000000,0,0,zipf,2,1.49082,19.9117,42,2750,7125,1141042,36528,230356000,,,,,,0,0,,model_nodes=1;data_nodes=368;max_depth=1;avg_depth_x1000=1000;exp_search_iters_x1000=862
btree,btree,synthetic:normal,dataset,10000000,10000000,0,0,zipf,2,0.173042,6.27093,125,3042,11375,4605958,10625680,175000000,,,,,,0,0,,leaves=625000;inner_nodes=39065
stdmap,stdmap,synthetic:normal,dataset,10000000,10000000,0,0,zipf,2,0.478394,2.70318,208,4042,16625,11286958,320000000,160000000,,,,,,0,0,,
rmi_1024,rmi,synthetic:normal,dataset,10000000,10000000,0,0,zipf,2,0.0706018,8.32694,42,2541,7834,4156542,24592,160000000,,,,,,0,0,,models=1024;avg_log2_window_x1000=7636
rmi_4096,rmi,synthetic:normal,dataset,10000000,10000000,0,0,zipf,2,0.112453,9.9692,42,2667,7416,2733667,98320,160000000,,,,,,0,0,,models=4096;avg_log2_window_x1000=6686
rmi_16384,rmi,synthetic:normal,dataset,10000000,10000000,0,0,zipf,2,0.110698,11.1759,42,2875,7208,4394166,393232,160000000,,,,,,0,0,,models=16384;avg_log2_window_x1000=5759
rmi_65536,rmi,synthetic:normal,dataset,10000000,10000000,0,0,zipf,2,0.094327,11.907,42,2708,6583,5031916,1572880,160000000,,,,,,0,0,,models=65536;avg_log2_window_x1000=4818
rmi_262144,rmi,synthetic:normal,dataset,10000000,10000000,0,0,zipf,2,0.130485,11.7709,42,2834,7084,2285542,6291472,160000000,,,,,,0,0,,models=262144;avg_log2_window_x1000=3854
rmi_1048576,rmi,synthetic:normal,dataset,10000000,10000000,0,0,zipf,2,0.129262,12.4469,42,2708,6500,1804375,25165840,160000000,,,,,,0,0,,models=1048576;avg_log2_window_x1000=2840
alex,alex,synthetic:normal,dataset,10000000,10000000,0,0,zipf,3,1.43561,19.278,42,2500,5875,918000,36352,230356144,,,,,,0,0,,model_nodes=1;data_nodes=366;max_depth=1;avg_depth_x1000=1000;exp_search_iters_x1000=861
btree,btree,synthetic:normal,dataset,10000000,10000000,0,0,zipf,3,0.170967,6.24882,125,2959,7625,3467792,10625680,175000000,,,,,,0,0,,leaves=625000;inner_nodes=39065
stdmap,stdmap,synthetic:normal,dataset,10000000,10000000,0,0,zipf,3,0.528014,2.86473,167,3916,11625,14745292,320000000,160000000,,,,,,0,0,,
rmi_1024,rmi,synthetic:normal,dataset,10000000,10000000,0,0,zipf,3,0.0641358,8.41791,42,2541,6875,1992542,24592,160000000,,,,,,0,0,,models=1024;avg_log2_window_x1000=7636
rmi_4096,rmi,synthetic:normal,dataset,10000000,10000000,0,0,zipf,3,0.109505,9.74677,42,2584,6708,5795541,98320,160000000,,,,,,0,0,,models=4096;avg_log2_window_x1000=6689
rmi_16384,rmi,synthetic:normal,dataset,10000000,10000000,0,0,zipf,3,0.114405,11.2483,42,2750,8375,2625667,393232,160000000,,,,,,0,0,,models=16384;avg_log2_window_x1000=5756
rmi_65536,rmi,synthetic:normal,dataset,10000000,10000000,0,0,zipf,3,0.120895,12.2744,42,2667,7875,3077333,1572880,160000000,,,,,,0,0,,models=65536;avg_log2_window_x1000=4818
rmi_262144,rmi,synthetic:normal,dataset,10000000,10000000,0,0,zipf,3,0.121921,11.4257,42,2750,8583,5926750,6291472,160000000,,,,,,0,0,,models=262144;avg_log2_window_x1000=3853
rmi_1048576,rmi,synthetic:normal,dataset,10000000,10000000,0,0,zipf,3,0.151681,11.1247,42,3041,8875,4045041,25165840,160000000,,,,,,0,0,,models=1048576;avg_log2_window_x1000=2840
alex,alex,synthetic:lognormal,dataset,50000000,10000000,0,0,zipf,1,12.3602,8.2894,42,3667,21792,2719000,16884920,1151781904,,,,,,0,0,,model_nodes=17;data_nodes=1175;max_depth=3;avg_depth_x1000=1425;exp_search_iters_x1000=859
btree,btree,synthetic:lognormal,dataset,50000000,10000000,0,0,zipf,1,0.96465,3.4644,167,3584,19291,1781958,53126224,875000000,,,,,,0,0,,leaves=3125000;inner_nodes=195317
rmi_262144,rmi,synthetic:lognormal,dataset,50000000,10000000,0,0,zipf,1,0.672666,4.99872,83,3417,19833,2386542,6291472,800000000,,,,,,0,0,,models=262144;avg_log2_window_x1000=7534
rmi_1048576,rmi,synthetic:lognormal,dataset,50000000,10000000,0,0,zipf,1,0.784406,6.19971,83,3250,10041,1640500,25165840,800000000,,,,,,0,0,,models=1048576;avg_log2_window_x1000=6408
rmi_4194304,rmi,synthetic:lognormal,dataset,50000000,10000000,0,0,zipf,1,1.03922,7.08022,42,3166,10791,2054959,100663312,800000000,,,,,,0,0,,models=4194304;avg_log2_window_x1000=5401
alex,alex,synthetic:uniform,dataset,50000000,10000000,0,0,zipf,1,5.63749,10.3817,42,3541,12292,2965667,21296,1151785192,,,,,,0,0,,model_nodes=65;data_nodes=182;max_depth=2;avg_depth_x1000=2000;exp_search_iters_x1000=849
btree,btree,synthetic:uniform,dataset,50000000,10000000,0,0,zipf,1,1.0255,4.7444,167,3166,6708,85250,53126224,875000000,,,,,,0,0,,leaves=3125000;inner_nodes=195317
rmi_262144,rmi,synthetic:uniform,dataset,50000000,10000000,0,0,zipf,1,0.555184,8.74638,42,3125,9125,4430667,6291472,800000000,,,,,,0,0,,models=262144;avg_log2_window_x1000=3974
rmi_1048576,rmi,synthetic:uniform,dataset,50000000,10000000,0,0,zipf,1,0.737069,11.0304,42,2833,8834,2409625,25165840,800000000,,,,,,0,0,,models=1048576;avg_log2_window_x1000=2937
rmi_4194304,rmi,synthetic:uniform,dataset,50000000,10000000,0,0,zipf,1,1.01496,9.83971,42,3083,8500,858042,100663312,800000000,,,,,,0,0,,models=4194304;avg_log2_window_x1000=1840
alex,alex,synthetic:normal,dataset,50000000,10000000,0,0,zipf,1,7.58243,14.4265,42,2667,9125,3641291,65792,1151783840,,,,,,0,0,,model_nodes=1;data_nodes=654;max_depth=1;avg_depth_x1000=1000;exp_search_iters_x1000=854
btree,btree,synthetic:normal,dataset,50000000,10000000,0,0,zipf,1,0.585631,4.71588,167,3083,6375,379834,53126224,875000000,,,,,,0,0,,leaves=3125000;inner_nodes=195317
rmi_262144,rmi,synthetic:normal,dataset,50000000,10000000,0,0,zipf,1,0.604459,7.05358,42,3167,8500,2079792,6291472,800000000,,,,,,0,0,,models=262144;avg_log2_window_x1000=5145
rmi_1048576,rmi,synthetic:normal,dataset,50000000,10000000,0,0,zipf,1,0.591246,5.21861,42,3667,17417,2337833,25165840,800000000,,,,,,0,0,,models=1048576;avg_log2_window_x1000=4186
rmi_4194304,rmi,synthetic:normal,dataset,50000000,10000000,0,0,zipf,1,0.865128,3.33738,42,5459,28583,1410125,100663312,800000000,,,,,,0,0,,models=4194304;avg_log2_window_x1000=3182
